{
  "dataset": {
    "data_root": "dataset/Multimodal Cough Dataset",
    "num_windows": 6000,
    "train_windows": 4579,
    "val_windows": 1421,
    "train_subjects": [
      "005",
      "006",
      "007",
      "008",
      "009",
      "010",
      "011",
      "012",
      "013",
      "014"
    ],
    "val_subjects": [
      "015",
      "016",
      "017"
    ],
    "class_counts": {
      "background": 4002,
      "Cough": 432,
      "Speech": 1218,
      "Sneeze": 23,
      "Deep breath": 71,
      "Groan": 55,
      "Laugh": 64,
      "Speech (far)": 135
    }
  },
  "model": {
    "name": "SmallAccelCNN",
    "input_shape": [
      4,
      200
    ],
    "params": 9880,
    "size_mb": 0.037689208984375
  },
  "metrics": {
    "accuracy": 0.3701618578465869,
    "macro_f1": 0.10488453923000768,
    "macro_recall": 0.12502863681359444,
    "per_class": {
      "background": {
        "precision": 0.6985743380855397,
        "recall": 0.3633474576271186,
        "f1": 0.47804878048780486,
        "support": 944
      },
      "Cough": {
        "precision": 0.027972027972027972,
        "recall": 0.03418803418803419,
        "f1": 0.03076923076923077,
        "support": 117
      },
      "Speech": {
        "precision": 0.22744599745870395,
        "recall": 0.6026936026936027,
        "f1": 0.33025830258302585,
        "support": 297
      },
      "Sneeze": {
        "precision": 0.0,
        "recall": 0.0,
        "f1": 0.0,
        "support": 6
      },
      "Deep breath": {
        "precision": 0.0,
        "recall": 0.0,
        "f1": 0.0,
        "support": 14
      },
      "Groan": {
        "precision": 0.0,
        "recall": 0.0,
        "f1": 0.0,
        "support": 10
      },
      "Laugh": {
        "precision": 0.0,
        "recall": 0.0,
        "f1": 0.0,
        "support": 18
      },
      "Speech (far)": {
        "precision": 0.0,
        "recall": 0.0,
        "f1": 0.0,
        "support": 15
      }
    },
    "confusion_matrix": [
      [
        343,
        90,
        511,
        0,
        0,
        0,
        0,
        0
      ],
      [
        42,
        4,
        71,
        0,
        0,
        0,
        0,
        0
      ],
      [
        75,
        43,
        179,
        0,
        0,
        0,
        0,
        0
      ],
      [
        4,
        0,
        2,
        0,
        0,
        0,
        0,
        0
      ],
      [
        5,
        1,
        8,
        0,
        0,
        0,
        0,
        0
      ],
      [
        6,
        1,
        3,
        0,
        0,
        0,
        0,
        0
      ],
      [
        9,
        2,
        7,
        0,
        0,
        0,
        0,
        0
      ],
      [
        7,
        2,
        6,
        0,
        0,
        0,
        0,
        0
      ]
    ]
  },
  "host": {
    "device": "cpu",
    "latency_ms_p50": 0.14264600031310692,
    "latency_ms_p95": 0.1968457992916228,
    "peak_ram_mb": 553.125
  }
}
