{
  "dataset": {
    "data_root": "dataset/Multimodal Cough Dataset",
    "num_windows": 6000,
    "train_windows": 4579,
    "val_windows": 1421,
    "train_subjects": [
      "005",
      "006",
      "007",
      "008",
      "009",
      "010",
      "011",
      "012",
      "013",
      "014"
    ],
    "val_subjects": [
      "015",
      "016",
      "017"
    ],
    "class_counts": {
      "background": 4002,
      "Cough": 432,
      "Speech": 1218,
      "Sneeze": 23,
      "Deep breath": 71,
      "Groan": 55,
      "Laugh": 64,
      "Speech (far)": 135
    }
  },
  "model": {
    "name": "SmallAccelCNN",
    "input_shape": [
      3,
      200
    ],
    "params": 9800,
    "size_mb": 0.037384033203125
  },
  "metrics": {
    "accuracy": 0.4813511611541168,
    "macro_f1": 0.1222642494410644,
    "macro_recall": 0.13311683902255936,
    "per_class": {
      "background": {
        "precision": 0.6848101265822785,
        "recall": 0.573093220338983,
        "f1": 0.6239907727797,
        "support": 944
      },
      "Cough": {
        "precision": 0.024096385542168676,
        "recall": 0.017094017094017096,
        "f1": 0.02,
        "support": 117
      },
      "Speech": {
        "precision": 0.2577696526508227,
        "recall": 0.47474747474747475,
        "f1": 0.3341232227488152,
        "support": 297
      },
      "Sneeze": {
        "precision": 0.0,
        "recall": 0.0,
        "f1": 0.0,
        "support": 6
      },
      "Deep breath": {
        "precision": 0.0,
        "recall": 0.0,
        "f1": 0.0,
        "support": 14
      },
      "Groan": {
        "precision": 0.0,
        "recall": 0.0,
        "f1": 0.0,
        "support": 10
      },
      "Laugh": {
        "precision": 0.0,
        "recall": 0.0,
        "f1": 0.0,
        "support": 18
      },
      "Speech (far)": {
        "precision": 0.0,
        "recall": 0.0,
        "f1": 0.0,
        "support": 15
      }
    },
    "confusion_matrix": [
      [
        541,
        67,
        335,
        0,
        1,
        0,
        0,
        0
      ],
      [
        65,
        2,
        50,
        0,
        0,
        0,
        0,
        0
      ],
      [
        146,
        10,
        141,
        0,
        0,
        0,
        0,
        0
      ],
      [
        5,
        0,
        1,
        0,
        0,
        0,
        0,
        0
      ],
      [
        9,
        1,
        4,
        0,
        0,
        0,
        0,
        0
      ],
      [
        7,
        0,
        3,
        0,
        0,
        0,
        0,
        0
      ],
      [
        9,
        1,
        8,
        0,
        0,
        0,
        0,
        0
      ],
      [
        8,
        2,
        5,
        0,
        0,
        0,
        0,
        0
      ]
    ]
  },
  "host": {
    "device": "cpu",
    "latency_ms_p50": 0.1401249992341036,
    "latency_ms_p95": 0.1546562521980377,
    "peak_ram_mb": 437.578125
  }
}
