{
  "checkpoint": "model/artifacts/final_multiclass_small_event_centered.pt",
  "weights": "model/cmsis/imu_model_weights.h",
  "validation_windows": 5800,
  "float_metrics": {
    "accuracy": 0.26862068965517244,
    "macro_f1": 0.15331277874079458,
    "macro_recall": 0.16478688223226318,
    "per_class": {
      "background": {
        "precision": 0.41155234657039713,
        "recall": 0.15724137931034482,
        "f1": 0.22754491017964074,
        "support": 1450
      },
      "Cough": {
        "precision": 0.5012987012987012,
        "recall": 0.24696097248880358,
        "f1": 0.33090441491641664,
        "support": 1563
      },
      "Speech": {
        "precision": 0.32541478129713425,
        "recall": 0.5100472813238771,
        "f1": 0.397329650092081,
        "support": 1692
      },
      "Sneeze": {
        "precision": 0.008281573498964804,
        "recall": 0.036036036036036036,
        "f1": 0.013468013468013467,
        "support": 111
      },
      "Deep breath": {
        "precision": 0.13584905660377358,
        "recall": 0.08888888888888889,
        "f1": 0.10746268656716418,
        "support": 405
      },
      "Groan": {
        "precision": 0.06565656565656566,
        "recall": 0.04814814814814815,
        "f1": 0.05555555555555555,
        "support": 270
      },
      "Laugh": {
        "precision": 0.036827195467422094,
        "recall": 0.05855855855855856,
        "f1": 0.04521739130434783,
        "support": 222
      },
      "Speech (far)": {
        "precision": 0.02857142857142857,
        "recall": 0.1724137931034483,
        "f1": 0.04901960784313725,
        "support": 87
      }
    },
    "confusion_matrix": [
      [
        228,
        111,
        573,
        117,
        113,
        45,
        89,
        174
      ],
      [
        101,
        386,
        685,
        117,
        32,
        60,
        158,
        24
      ],
      [
        161,
        117,
        863,
        132,
        80,
        54,
        66,
        219
      ],
      [
        4,
        29,
        63,
        4,
        0,
        3,
        6,
        2
      ],
      [
        24,
        63,
        215,
        32,
        36,
        3,
        4,
        28
      ],
      [
        13,
        19,
        122,
        42,
        1,
        13,
        11,
        49
      ],
      [
        13,
        38,
        99,
        30,
        0,
        15,
        13,
        14
      ],
      [
        10,
        7,
        32,
        9,
        3,
        5,
        6,
        15
      ]
    ]
  },
  "quantized_c_metrics": {
    "accuracy": 0.2053448275862069,
    "macro_f1": 0.07889987899066049,
    "macro_recall": 0.12201133107039724,
    "per_class": {
      "background": {
        "precision": 0.24818108326596605,
        "recall": 0.6351724137931034,
        "f1": 0.35690757605115286,
        "support": 1450
      },
      "Cough": {
        "precision": 0.37545126353790614,
        "recall": 0.13307741522712732,
        "f1": 0.19650448748228624,
        "support": 1563
      },
      "Speech": {
        "precision": 0.17073170731707318,
        "recall": 0.004137115839243499,
        "f1": 0.008078476630121177,
        "support": 1692
      },
      "Sneeze": {
        "precision": 0.0,
        "recall": 0.0,
        "f1": 0.0,
        "support": 111
      },
      "Deep breath": {
        "precision": 0.0,
        "recall": 0.0,
        "f1": 0.0,
        "support": 405
      },
      "Groan": {
        "precision": 0.04204892966360856,
        "recall": 0.2037037037037037,
        "f1": 0.0697084917617237,
        "support": 270
      },
      "Laugh": {
        "precision": 0.0,
        "recall": 0.0,
        "f1": 0.0,
        "support": 222
      },
      "Speech (far)": {
        "precision": 0.0,
        "recall": 0.0,
        "f1": 0.0,
        "support": 87
      }
    },
    "confusion_matrix": [
      [
        921,
        168,
        11,
        0,
        0,
        317,
        0,
        33
      ],
      [
        883,
        208,
        14,
        0,
        0,
        417,
        0,
        41
      ],
      [
        1214,
        96,
        7,
        0,
        0,
        306,
        0,
        69
      ],
      [
        73,
        4,
        0,
        0,
        0,
        33,
        0,
        1
      ],
      [
        295,
        31,
        0,
        0,
        0,
        68,
        0,
        11
      ],
      [
        155,
        23,
        9,
        0,
        0,
        55,
        0,
        28
      ],
      [
        123,
        15,
        0,
        0,
        0,
        81,
        0,
        3
      ],
      [
        47,
        9,
        0,
        0,
        0,
        31,
        0,
        0
      ]
    ]
  },
  "float_vs_quantized_c": {
    "prediction_agreement": 0.10344827586206896,
    "changed_predictions": 5200
  }
}
